<?xml version="1.0" encoding="utf-8"?>
<HotfixInstallationInfo xmlns:xsd="http://www.w3.org/2001/XMLSchema" xmlns:xsi="http://www.w3.org/2001/XMLSchema-instance">
  <Name>348a2aa3-8997-4c49-9a24-66dbf610765c</Name>
  <Description>Deployable package created from automated build</Description>
  <InstallationDateTime>0001-01-01T00:00:00</InstallationDateTime>
  <InstallationInfoFilePath>C:\Users\VssAdministrator\AppData\Local\Temp\tmpDF3.tmp\HotfixInstallationInfo.xml</InstallationInfoFilePath>
  <Version />
  <Publisher>Non-Microsoft</Publisher>
  <GeneratedFromAXMetadata>false</GeneratedFromAXMetadata>
  <Type>ApplicationPackage</Type>
  <IncludedDeployablePackages />
  <ServiceModelList />
  <OtherComponentList />
  <MetadataModuleRelease>Update42</MetadataModuleRelease>
  <MetadataModuleList>
    <string>aotbrowser.863.0.4.11</string>
  </MetadataModuleList>
  <MetadataModelList />
  <PlatformReleaseDisplayName>Update42</PlatformReleaseDisplayName>
  <PlatformVersion>7.0.5968.16999</PlatformVersion>
  <IsCompatibleWithSealedRelease>true</IsCompatibleWithSealedRelease>
  <IsCompatibleWithApp81PlusRelease>true</IsCompatibleWithApp81PlusRelease>
  <AllComponentList>
    <ArrayOfString>
      <string>AX Module</string>
      <string>aotbrowser.863.0.4.11</string>
    </ArrayOfString>
  </AllComponentList>
</HotfixInstallationInfo>